Workbook

Sheet Data
A1: Kuesioner SUS — Data & Skor Otomatis
A2: Isi hanya sel KUNING (P1–P10, skala 1–5). Skor SUS & kategori terhitung otomatis. Baris CONTOH tidak dihitung. Pernyataan tiap item lihat sheet 'Rekap Item'.
A3: Responden | B3: P1 | C3: P2 | D3: P3 | E3: P4 | F3: P5 | G3: P6 | H3: P7 | I3: P8 | J3: P9 | K3: P10 | L3: Skor SUS | M3: Kategori
A4: CONTOH | B4: 4 | C4: 2 | D4: 5 | E4: 1 | F4: 4 | G4: 2 | H4: 5 | I4: 2 | J4: 4 | K4: 1 | L4: =IF(COUNT(B4:K4)=10,((B4-1)+(5-C4)+(D4-1)+(5-E4)+(F4-1)+(5-G4)+(H4-1)+(5-I4)+(J4-1)+(5-K4))*2.5,"") | M4: =IF(L4="","",IF(L4>=80.3,"Excellent (A)",IF(L4>=68,"Good (B)",IF(L4>=51,"OK (C)","Poor"))))
A5: 1 | L5: =IF(COUNT(B5:K5)=10,((B5-1)+(5-C5)+(D5-1)+(5-E5)+(F5-1)+(5-G5)+(H5-1)+(5-I5)+(J5-1)+(5-K5))*2.5,"") | M5: =IF(L5="","",IF(L5>=80.3,"Excellent (A)",IF(L5>=68,"Good (B)",IF(L5>=51,"OK (C)","Poor"))))
A6: 2 | L6: =IF(COUNT(B6:K6)=10,((B6-1)+(5-C6)+(D6-1)+(5-E6)+(F6-1)+(5-G6)+(H6-1)+(5-I6)+(J6-1)+(5-K6))*2.5,"") | M6: =IF(L6="","",IF(L6>=80.3,"Excellent (A)",IF(L6>=68,"Good (B)",IF(L6>=51,"OK (C)","Poor"))))
A7: 3 | L7: =IF(COUNT(B7:K7)=10,((B7-1)+(5-C7)+(D7-1)+(5-E7)+(F7-1)+(5-G7)+(H7-1)+(5-I7)+(J7-1)+(5-K7))*2.5,"") | M7: =IF(L7="","",IF(L7>=80.3,"Excellent (A)",IF(L7>=68,"Good (B)",IF(L7>=51,"OK (C)","Poor"))))
A8: 4 | L8: =IF(COUNT(B8:K8)=10,((B8-1)+(5-C8)+(D8-1)+(5-E8)+(F8-1)+(5-G8)+(H8-1)+(5-I8)+(J8-1)+(5-K8))*2.5,"") | M8: =IF(L8="","",IF(L8>=80.3,"Excellent (A)",IF(L8>=68,"Good (B)",IF(L8>=51,"OK (C)","Poor"))))
A9: 5 | L9: =IF(COUNT(B9:K9)=10,((B9-1)+(5-C9)+(D9-1)+(5-E9)+(F9-1)+(5-G9)+(H9-1)+(5-I9)+(J9-1)+(5-K9))*2.5,"") | M9: =IF(L9="","",IF(L9>=80.3,"Excellent (A)",IF(L9>=68,"Good (B)",IF(L9>=51,"OK (C)","Poor"))))
A10: 6 | L10: =IF(COUNT(B10:K10)=10,((B10-1)+(5-C10)+(D10-1)+(5-E10)+(F10-1)+(5-G10)+(H10-1)+(5-I10)+(J10-1)+(5-K10))*2.5,"") | M10: =IF(L10="","",IF(L10>=80.3,"Excellent (A)",IF(L10>=68,"Good (B)",IF(L10>=51,"OK (C)","Poor"))))
A11: 7 | L11: =IF(COUNT(B11:K11)=10,((B11-1)+(5-C11)+(D11-1)+(5-E11)+(F11-1)+(5-G11)+(H11-1)+(5-I11)+(J11-1)+(5-K11))*2.5,"") | M11: =IF(L11="","",IF(L11>=80.3,"Excellent (A)",IF(L11>=68,"Good (B)",IF(L11>=51,"OK (C)","Poor"))))
A12: 8 | L12: =IF(COUNT(B12:K12)=10,((B12-1)+(5-C12)+(D12-1)+(5-E12)+(F12-1)+(5-G12)+(H12-1)+(5-I12)+(J12-1)+(5-K12))*2.5,"") | M12: =IF(L12="","",IF(L12>=80.3,"Excellent (A)",IF(L12>=68,"Good (B)",IF(L12>=51,"OK (C)","Poor"))))
A13: 9 | L13: =IF(COUNT(B13:K13)=10,((B13-1)+(5-C13)+(D13-1)+(5-E13)+(F13-1)+(5-G13)+(H13-1)+(5-I13)+(J13-1)+(5-K13))*2.5,"") | M13: =IF(L13="","",IF(L13>=80.3,"Excellent (A)",IF(L13>=68,"Good (B)",IF(L13>=51,"OK (C)","Poor"))))
A14: 10 | L14: =IF(COUNT(B14:K14)=10,((B14-1)+(5-C14)+(D14-1)+(5-E14)+(F14-1)+(5-G14)+(H14-1)+(5-I14)+(J14-1)+(5-K14))*2.5,"") | M14: =IF(L14="","",IF(L14>=80.3,"Excellent (A)",IF(L14>=68,"Good (B)",IF(L14>=51,"OK (C)","Poor"))))
A15: 11 | L15: =IF(COUNT(B15:K15)=10,((B15-1)+(5-C15)+(D15-1)+(5-E15)+(F15-1)+(5-G15)+(H15-1)+(5-I15)+(J15-1)+(5-K15))*2.5,"") | M15: =IF(L15="","",IF(L15>=80.3,"Excellent (A)",IF(L15>=68,"Good (B)",IF(L15>=51,"OK (C)","Poor"))))
A16: 12 | L16: =IF(COUNT(B16:K16)=10,((B16-1)+(5-C16)+(D16-1)+(5-E16)+(F16-1)+(5-G16)+(H16-1)+(5-I16)+(J16-1)+(5-K16))*2.5,"") | M16: =IF(L16="","",IF(L16>=80.3,"Excellent (A)",IF(L16>=68,"Good (B)",IF(L16>=51,"OK (C)","Poor"))))
... A44: 40 | L44: =IF(COUNT(B44:K44)=10,((B44-1)+(5-C44)+(D44-1)+(5-E44)+(F44-1)+(5-G44)+(H44-1)+(5-I44)+(J44-1)+(5-K44))*2.5,"") | M44: =IF(L44="","",IF(L44>=80.3,"Excellent (A)",IF(L44>=68,"Good (B)",IF(L44>=51,"OK (C)","Poor"))))
A46: Jumlah responden terisi | L46: =COUNT(L5:L44)
A47: Skor SUS rata-rata | L47: =IFERROR(ROUND(AVERAGE(L5:L44),1),"")
A48: Kategori akhir (Bangor) | L48: =IF(L47="","",IF(L47>=80.3,"Excellent (A)",IF(L47>=68,"Good (B)",IF(L47>=51,"OK (C)","Poor"))))

Sheet Rekap Item
A1: Rekap Skor per Item SUS (untuk Tabel 6 & Gambar 11)
A2: No | B2: Pernyataan | C2: Skor Rerata (1-5) | D2: Bobot Kontribusi
A3: 1 | B3: Saya rasa saya ingin lebih sering menggunakan sistem ini. | C3: =IFERROR(ROUND(AVERAGE(Data!B5:B44),2),"") | D3: =IF(C3="","",C3-1)
A4: 2 | B4: Saya menganggap sistem ini terlalu rumit. | C4: =IFERROR(ROUND(AVERAGE(Data!C5:C44),2),"") | D4: =IF(C4="","",5-C4)
A5: 3 | B5: Saya rasa sistem ini mudah digunakan. | C5: =IFERROR(ROUND(AVERAGE(Data!D5:D44),2),"") | D5: =IF(C5="","",C5-1)
A6: 4 | B6: Saya rasa saya butuh bantuan orang teknis untuk menggunakan sistem ini. | C6: =IFERROR(ROUND(AVERAGE(Data!E5:E44),2),"") | D6: =IF(C6="","",5-C6)
A7: 5 | B7: Saya menemukan berbagai fungsi dalam sistem ini terintegrasi dengan baik. | C7: =IFERROR(ROUND(AVERAGE(Data!F5:F44),2),"") | D7: =IF(C7="","",C7-1)
A8: 6 | B8: Saya rasa terlalu banyak ketidakkonsistenan dalam sistem ini. | C8: =IFERROR(ROUND(AVERAGE(Data!G5:G44),2),"") | D8: =IF(C8="","",5-C8)
A9: 7 | B9: Saya rasa kebanyakan orang akan cepat belajar menggunakan sistem ini. | C9: =IFERROR(ROUND(AVERAGE(Data!H5:H44),2),"") | D9: =IF(C9="","",C9-1)
A10: 8 | B10: Saya merasa sistem ini janggal/menyulitkan saat digunakan. | C10: =IFERROR(ROUND(AVERAGE(Data!I5:I44),2),"") | D10: =IF(C10="","",5-C10)
A11: 9 | B11: Saya merasa sangat percaya diri menggunakan sistem ini. | C11: =IFERROR(ROUND(AVERAGE(Data!J5:J44),2),"") | D11: =IF(C11="","",C11-1)
A12: 10 | B12: Saya perlu belajar banyak hal sebelum bisa menggunakan sistem ini. | C12: =IFERROR(ROUND(AVERAGE(Data!K5:K44),2),"") | D12: =IF(C12="","",5-C12)
B13: Total bobot / Skor SUS (×2,5) | D13: =IFERROR(SUM(D3:D12)*2.5,"")
A15: Catatan: Skor SUS di sini (rata-rata item ×2,5) = Skor SUS rata-rata di sheet Data.
